gene,allele,seed,model,iptm,complex_iplddt,ptm,complex_plddt,confidence_score
TREM2,R62H,1,0,0.8791654109954834,0.8203899264335632,0.9508143067359924,0.8631540536880493,0.8663563132286072
TREM2,R62H,1,1,0.886997640132904,0.7953007221221924,0.9502255320549011,0.8595974445343018,0.8650774955749512
TREM2,R62H,1,2,0.8379905819892883,0.8138495087623596,0.9226606488227844,0.8655167818069458,0.8600115776062012
TREM2,R62H,1,3,0.7831270098686218,0.764459490776062,0.9223206043243408,0.8429998159408569,0.831025242805481
TREM2,R62H,1,4,0.6435186266899109,0.786421537399292,0.8809802532196045,0.856731653213501,0.8140890002250671
TREM2,R62H,2,0,0.823753297328949,0.8451650142669678,0.9190055727958679,0.8775350451469421,0.8667786717414856
TREM2,R62H,2,1,0.8523319363594055,0.8067119121551514,0.9336209893226624,0.8594378232955933,0.8580166697502136
TREM2,R62H,2,2,0.8669297099113464,0.7874486446380615,0.9456996321678162,0.8500309586524963,0.8534107208251953
TREM2,R62H,2,3,0.8794048428535461,0.7544159889221191,0.9506773352622986,0.8120821714401245,0.8255467414855957
TREM2,R62H,2,4,0.7716115713119507,0.7523319125175476,0.9170408248901367,0.8343265056610107,0.8217835426330566
TREM2,R62H,3,0,0.8220118880271912,0.8556106686592102,0.905469536781311,0.8860223889350891,0.8732202649116516
TREM2,R62H,3,1,0.8258253335952759,0.8264089226722717,0.8986597657203674,0.858863353729248,0.8522557616233826
TREM2,R62H,3,2,0.8075669407844543,0.7672219276428223,0.9250049591064453,0.8348551392555237,0.8293974995613098
TREM2,R62H,3,3,0.772485077381134,0.7708001732826233,0.9138690829277039,0.8393473625183105,0.8259749412536621
TREM2,R62H,3,4,0.8209590315818787,0.7603456974029541,0.9315137267112732,0.8216773867607117,0.8215336799621582
TREM2,WT,1,0,0.8885964155197144,0.7884177565574646,0.9526495933532715,0.8536267876625061,0.8606206774711609
TREM2,WT,1,1,0.7902743220329285,0.8339142799377441,0.9232488870620728,0.8711600303649902,0.854982852935791
TREM2,WT,1,2,0.8521152138710022,0.7752981781959534,0.9397937059402466,0.828057587146759,0.8328691720962524
TREM2,WT,1,3,0.8575951457023621,0.7141003012657166,0.944778323173523,0.8059468269348145,0.816276490688324
TREM2,WT,1,4,0.7770857810974121,0.7333879470825195,0.9071584939956665,0.8070842027664185,0.8010845184326172
TREM2,WT,2,0,0.8638529777526855,0.8686831593513489,0.9254165291786194,0.894814133644104,0.8886219263076782
TREM2,WT,2,1,0.8121856451034546,0.8414040207862854,0.8911960124969482,0.8763853907585144,0.8635454177856445
TREM2,WT,2,2,0.8341694474220276,0.7539706230163574,0.935196042060852,0.8306642770767212,0.8313652873039246
TREM2,WT,2,3,0.8973913192749023,0.7599846720695496,0.9538356065750122,0.8097104430198669,0.8272466659545898
TREM2,WT,2,4,0.5622385740280151,0.8030867576599121,0.8417007923126221,0.8601471781730652,0.8005654215812683
TREM2,WT,3,0,0.8472383618354797,0.8459126353263855,0.9125985503196716,0.8851534128189087,0.8775704503059387
TREM2,WT,3,1,0.8262381553649902,0.8498676419258118,0.9075775146484375,0.8836134672164917,0.8721384406089783
TREM2,WT,3,2,0.8813545107841492,0.7909796833992004,0.9497135877609253,0.8580443263053894,0.8627063632011414
TREM2,WT,3,3,0.850570559501648,0.7933008670806885,0.9385215640068054,0.8562370538711548,0.8551037907600403
TREM2,WT,3,4,0.8676019906997681,0.7685062289237976,0.9456833600997925,0.8414527773857117,0.8466826677322388
PILRA,G78,1,0,0.9366,,,,
PILRA,G78,1,1,0.917,,,,
PILRA,G78,1,2,0.8794,,,,
PILRA,G78,1,3,0.8446,,,,
PILRA,G78,1,4,0.371,,,,
PILRA,R78,1,0,0.9509,,,,
PILRA,R78,1,1,0.896,,,,
PILRA,R78,1,2,0.9219,,,,
PILRA,R78,1,3,0.7914,,,,
PILRA,R78,1,4,0.4105,,,,
PILRA,G78,2,0,0.9019,,,,
PILRA,G78,2,1,0.9246,,,,
PILRA,G78,2,2,0.9259,,,,
PILRA,G78,2,3,0.9157,,,,
PILRA,G78,2,4,0.8081,,,,
PILRA,R78,2,0,0.9407,,,,
PILRA,R78,2,1,0.8826,,,,
PILRA,R78,2,2,0.9341,,,,
PILRA,R78,2,3,0.8909,,,,
PILRA,R78,2,4,0.8608,,,,
